{
  "animal": [
    -1.8036980628967285,
    0.5236325263977051
  ],
  "boy": [
    -0.25701189041137695,
    -0.6514943838119507
  ],
  "castle": [
    0.11202482134103775,
    0.29039275646209717
  ],
  "cat": [
    -0.8274920582771301,
    0.4206475615501404
  ],
  "country": [
    0.24732144176959991,
    0.09581319987773895
  ],
  "crown": [
    3.227466583251953,
    0.1617765724658966
  ],
  "dog": [
    -1.2544819116592407,
    -0.10077708959579468
  ],
  "empire": [
    0.08767180144786835,
    0.32319557666778564
  ],
  "family": [
    -0.24464014172554016,
    -0.5551997423171997
  ],
  "father": [
    -0.10753006488084793,
    -0.6935561299324036
  ],
  "girl": [
    -0.17335666716098785,
    -0.5692028999328613
  ],
  "house": [
    1.0459492206573486,
    0.26970311999320984
  ],
  "king": [
    1.35330069065094,
    2.6982169151306152
  ],
  "marriage": [
    -1.1187422275543213,
    -5.510875225067139
  ],
  "mother": [
    -0.029163986444473267,
    -0.605090320110321
  ],
  "pet": [
    -1.0151265859603882,
    0.005285867024213076
  ],
  "play": [
    -1.200215458869934,
    -0.1251360923051834
  ],
  "queen": [
    0.2614922821521759,
    0.08558249473571777
  ],
  "rule": [
    0.12062841653823853,
    0.19888481497764587
  ],
  "sleep": [
    -0.7718640565872192,
    -0.04847821965813637
  ]
}